strike,time_to_expiry,moneyness,type,market_iv,solved_iv,converged
90000,0.117808,1.17075,P,0.3436,0.340877,1
105000,0.769863,1.32232,P,0.3965,0.396031,1
69000,0.00547945,0.902556,C,0.6147,0.519919,1
82000,0.0219178,1.07161,P,0.334,0.319793,1
112000,0.520548,1.42791,P,0.3983,0.397547,1
82000,0.00821918,1.07237,C,0.3714,0.32932,1
58000,0.271233,0.748737,C,0.4384,0.437094,1
79000,0.117808,1.02764,C,0.3274,0.324914,1
73500,0.00821918,0.961209,C,0.2856,0.254712,1
85000,0.060274,1.10887,C,0.3317,0.326834,1
68000,0.00821918,0.889282,P,0.5498,0.487384,1
66000,0.0219178,0.862517,P,0.4594,0.440578,1
90000,0.769863,1.13342,C,0.3908,0.390327,1
79000,0.0219178,1.03241,C,0.2951,0.283022,1
79000,0.0410959,1.0315,C,0.3054,0.298779,1
75500,0.00821918,0.987352,C,0.2218,0.196619,1
78000,0.520548,0.99444,C,0.3794,0.378759,1
77500,0.00273973,1.0139,P,0.2739,0.164235,1
85000,0.0219178,1.11082,P,0.3939,0.376744,1
73000,0.00821918,0.95467,P,0.316,0.280062,1
68000,0.194521,0.881351,P,0.3799,0.378151,1
81000,0.0410959,1.05761,P,0.3146,0.307821,1
70000,0.00547945,0.915625,C,0.5719,0.46985,1
82000,0.060274,1.06975,C,0.3163,0.311666,1
95000,0.271233,1.22638,P,0.3689,0.367569,1
81000,0.194521,1.04984,P,0.3514,0.349776,1
74000,0.0109589,0.967656,P,0.2543,0.232938,1
73000,0.00821918,0.95467,C,0.316,0.281918,1
78000,0.060274,1.01756,C,0.3119,0.307322,1
125000,0.0219178,1.63355,P,0.8225,0.01,0
55000,0.769863,0.692637,P,0.4417,0.441184,1
72000,0.0109589,0.941503,P,0.313,0.286698,1
68000,0.0109589,0.889197,C,0.4506,0.42285,1
75500,0.0109589,0.98727,P,0.2302,0.210829,1
96000,0.520548,1.22393,C,0.3819,0.381309,1
60000,0.117808,0.780497,C,0.4491,0.445877,1
76000,0.117808,0.988619,P,0.3322,0.329746,1
45000,0.117808,0.585373,C,0.6821,0.677635,1
66000,0.117808,0.858547,C,0.3839,0.381132,1
58000,0.117808,0.754481,C,0.4766,0.473212,1
70000,0.271233,0.903649,P,0.3778,0.376565,1
90000,0.117808,1.17075,C,0.3436,0.341027,1
98000,0.194521,1.27018,C,0.3764,0.374675,1
125000,0.271233,1.61366,C,0.4489,0.447481,1
40000,0.769863,0.503736,P,0.5203,0.519725,1
94000,0.117808,1.22278,P,0.3576,0.354729,1
95000,0.00273973,1.24286,P,0.9827,0.5,0
100000,0.271233,1.29091,C,0.3782,0.376979,1
62000,0.520548,0.790452,P,0.4135,0.412774,1
102000,0.0219178,1.33298,P,0.6834,0.637585,1
73500,0.0109589,0.961106,C,0.2693,0.2468,1
80000,0.194521,1.03688,C,0.3522,0.350592,1
69000,0.0109589,0.902263,C,0.4117,0.377703,1
76000,0.0410959,0.992329,C,0.3069,0.30022,1
94000,0.769863,1.18379,P,0.3915,0.391,1
92000,0.194521,1.19242,C,0.3601,0.358498,1
58000,0.271233,0.748737,P,0.4384,0.436981,1
86000,0.00273973,1.12511,P,0.7705,0.656453,1
100000,0.117808,1.30083,P,0.3896,0.386245,1
74500,0.00273973,0.974668,C,0.3416,0.211038,1
220000,0.271233,2.84001,C,0.6691,0.666926,1
80000,0.520548,1.01994,C,0.3793,0.37864,1
77000,0.0219178,1.00627,C,0.2881,0.276329,1
175000,0.0219178,2.28698,P,0.8896,0.5,0
56000,0.271233,0.722919,P,0.4581,0.456554,1
75000,0.0219178,0.980133,P,0.2953,0.283158,1
82000,0.00821918,1.07237,P,0.3714,0.323227,1
140000,0.271233,1.80728,C,0.4921,0.49055,1
72000,0.00547945,0.941797,C,0.4503,0.374786,1
71000,0.117808,0.923588,C,0.3514,0.348797,1
78500,0.00273973,1.02699,C,0.3615,0.216145,1
90000,0.0219178,1.17616,C,0.4662,0.447095,1
81000,0.00547945,1.05951,P,0.383,0.316781,1
73000,0.0219178,0.953985,C,0.3146,0.301633,1
76000,0.271233,0.981104,P,0.366,0.364806,1
250000,0.271233,3.22732,C,0.7304,0.336466,0
85000,0.769863,1.07045,C,0.3909,0.390503,1
45000,0.769863,0.566703,P,0.4893,0.488694,1
106000,0.769863,1.3349,C,0.3973,0.396889,1
70000,0.520548,0.892446,C,0.3913,0.390696,1
79500,0.0109589,1.03958,C,0.2707,0.248047,1
92000,0.194521,1.19242,P,0.3601,0.358504,1
40000,0.117808,0.520331,P,0.7553,0.7496,1
77000,0.0410959,1.00539,P,0.305,0.298379,1
108000,0.769863,1.3601,C,0.3989,0.3984,1
77500,0.00273973,1.01392,C,0.2739,0.163905,1
115000,0.769863,1.44826,P,0.4045,0.403954,1
95000,0.117808,1.23579,P,0.3618,0.358787,1
45000,0.520548,0.573715,P,0.5049,0.50401,1
108000,0.194521,1.39979,C,0.4072,0.405391,1
83000,0.194521,1.07577,C,0.3516,0.35005,1
98000,0.194521,1.27018,P,0.3764,0.374684,1
72000,0.00273973,0.941961,P,0.5474,0.327273,1
81000,0.0109589,1.05918,C,0.3071,0.281337,1
78000,0.194521,1.01096,P,0.3535,0.35192,1
65000,0.271233,0.839093,P,0.3958,0.394476,1
76500,0.00821918,1.00044,C,0.2172,0.192708,1
70000,0.00273973,0.915795,C,0.7024,0.548119,1
69000,0.00547945,0.902544,P,0.6147,0.506486,1
104000,0.194521,1.34795,C,0.3942,0.392387,1
68000,0.060274,0.887106,P,0.374,0.368518,1
130000,0.769863,1.63714,C,0.4212,0.420753,1
90000,0.194521,1.16649,P,0.357,0.355373,1
40000,0.271233,0.516371,C,0.6379,0.636103,1
86000,0.194521,1.11465,C,0.3536,0.352005,1
135000,0.271233,1.74275,P,0.479,0.476499,1
105000,0.520548,1.33867,C,0.389,0.388327,1
100000,0.520548,1.27491,P,0.3854,0.384777,1
77500,0.0109589,1.01341,P,0.2348,0.215133,1
130000,0.769863,1.63714,P,0.4212,0.420796,1
76000,0.00821918,0.993903,C,0.2197,0.195028,1
20000,0.271233,0.258182,P,1.0072,1.00393,1
74000,0.117808,0.962613,C,0.3387,0.336192,1
77000,0.00821918,1.00697,P,0.2191,0.194202,1
80000,0.769863,1.00748,C,0.3937,0.393213,1
140000,0.520548,1.78489,C,0.4458,0.44501,1
73000,0.194521,0.946156,C,0.3621,0.360498,1
62000,0.271233,0.800374,C,0.4137,0.412442,1
81000,0.00821918,1.05929,C,0.3302,0.292812,1
82000,0.769863,1.03267,C,0.3925,0.39206,1
71000,0.117808,0.923588,P,0.3514,0.34873,1
77500,0.00547945,1.01373,P,0.2546,0.209802,1
110000,0.769863,1.38527,C,0.4004,0.399982,1
30000,0.0219178,0.392053,C,1.2395,0.5,0
85000,0.769863,1.07045,P,0.3909,0.390484,1
86000,0.0410959,1.12291,C,0.351,0.343469,1
108000,0.520548,1.3769,C,0.3928,0.392086,1
79000,0.00821918,1.03314,P,0.2607,0.229948,1
77500,0.00547945,1.01374,C,0.2546,0.209837,1
74000,0.194521,0.959117,C,0.3601,0.358442,1
104000,0.769863,1.30973,C,0.3961,0.395668,1
60000,0.271233,0.774556,C,0.4267,0.425429,1
190000,0.0219178,2.48297,P,0.9385,0.5,0
73500,0.00821918,0.961209,P,0.2856,0.25316,1
76000,0.00273973,0.994292,C,0.2097,0.12593,1
78500,0.0109589,1.0265,P,0.2486,0.227268,1
55000,0.520548,0.701208,P,0.4428,0.442,1
150000,0.769863,1.88903,C,0.4436,0.44313,1
78000,0.00273973,1.02045,P,0.3289,0.197522,1
58000,0.0219178,0.757969,C,0.6628,0.64618,1
54000,0.117808,0.702447,C,0.5386,0.534883,1
81000,0.0109589,1.05919,P,0.3071,0.279341,1
76500,0.00273973,1.00082,C,0.2095,0.125244,1
91000,0.117808,1.18375,C,0.345,0.342416,1
78000,0.0109589,1.01995,C,0.2404,0.220273,1
82000,0.117808,1.06668,P,0.3274,0.324857,1
106000,0.520548,1.35142,P,0.3913,0.390645,1
75000,0.0410959,0.979272,P,0.312,0.305209,1
300000,0.0219178,3.92053,P,1.3629,0.5,0
76000,0.00547945,0.99412,C,0.2408,0.198693,1
54000,0.117808,0.702447,P,0.5386,0.534583,1
210000,0.271233,2.71092,P,0.6438,0.641175,1
79000,0.00547945,1.03336,P,0.3046,0.249189,1
67000,0.00547945,0.876395,C,0.6734,0.596311,1
64000,0.0219178,0.83638,P,0.5223,0.500869,1
135000,0.0219178,1.76422,P,0.8226,0.5,0
70000,0.060274,0.913187,P,0.3521,0.346935,1
80000,0.271233,1.03274,C,0.3626,0.361467,1
81000,0.0219178,1.05854,P,0.316,0.302703,1
105000,0.271233,1.35547,P,0.392,0.390506,1
73000,0.0219178,0.953996,P,0.3146,0.301621,1
200000,0.271233,2.58182,P,0.6396,0.637116,1
78000,0.00547945,1.02028,C,0.2674,0.220387,1
106000,0.194521,1.37387,C,0.4009,0.399095,1
69000,0.00821918,0.90236,C,0.5106,0.460082,1
102000,0.194521,1.32203,P,0.3874,0.38565,1
67000,0.194521,0.86839,P,0.3854,0.383692,1
64000,0.117808,0.83253,P,0.402,0.39902,1
75000,0.117808,0.975621,C,0.3355,0.333003,1
67000,0.00547945,0.876395,P,0.6734,0.55478,1
170000,0.271233,2.19458,P,0.5812,0.576746,1
60000,0.520548,0.764954,C,0.4208,0.420065,1
70000,0.0410959,0.913987,P,0.3502,0.342641,1
85000,0.117808,1.1057,C,0.3299,0.327441,1
84000,0.0109589,1.09842,P,0.3845,0.343927,1
74000,0.00547945,0.967958,P,0.3197,0.263329,1
66000,0.117808,0.858547,P,0.3839,0.381029,1
72000,0.271233,0.929467,C,0.3721,0.370918,1
78000,0.0219178,1.01934,C,0.2869,0.275223,1
80000,0.0109589,1.0461,C,0.2839,0.260078,1
84000,0.00547945,1.09876,C,0.5531,0.455737,1
40000,0.271233,0.516371,P,0.6379,0.635795,1
90000,0.060274,1.17411,C,0.3699,0.364508,1
135000,0.271233,1.74275,C,0.479,0.477435,1
78500,0.0109589,1.02649,C,0.2486,0.227739,1
76000,0.117808,0.98863,C,0.3322,0.329762,1
104000,0.271233,1.34256,P,0.389,0.387568,1
68000,0.769863,0.856361,P,0.4082,0.407677,1
85000,0.271233,1.09729,P,0.361,0.359733,1
95000,0.194521,1.2313,C,0.3689,0.367254,1
84000,0.271233,1.08438,P,0.3607,0.359512,1
75500,0.00273973,0.987739,C,0.2474,0.147524,1
76500,0.00821918,1.00044,P,0.2172,0.192346,1
70000,0.117808,0.91058,C,0.3552,0.352593,1
81000,0.00273973,1.05971,P,0.5535,0.0728332,0
75500,0.00821918,0.987364,P,0.2218,0.196486,1
86000,0.117808,1.11871,C,0.3313,0.328805,1
84000,0.0219178,1.09775,P,0.3709,0.354892,1
120000,0.194521,1.55533,C,0.4501,0.448025,1
180000,0.520548,2.29486,P,0.52,0.518768,1
86000,0.0109589,1.12457,P,0.4541,0.402949,1
65000,0.00273973,0.850372,C,0.9591,0.01,0
72000,0.769863,0.906725,C,0.4019,0.401482,1
79000,0.0410959,1.03151,P,0.3054,0.298681,1
110000,0.769863,1.38529,P,0.4004,0.399957,1
72000,0.00821918,0.941593,C,0.3727,0.332902,1
165000,0.0219178,2.15629,P,0.8525,0.5,0
85000,0.00821918,1.1116,C,0.4853,0.430241,1
69000,0.00273973,0.902702,P,0.7389,0.440111,1
60000,0.0219178,0.784106,C,0.64,0.619048,1
110000,0.0219178,1.43753,P,0.7974,0.716501,1
110000,0.194521,1.42572,C,0.4143,0.412398,1
130000,0.271233,1.6782,C,0.4619,0.460428,1
92000,0.520548,1.17293,C,0.3795,0.37885,1
65000,0.0410959,0.848712,C,0.4196,0.411321,1
73500,0.0109589,0.961117,P,0.2693,0.246685,1
87000,0.117808,1.13172,C,0.3346,0.33212,1
58000,0.769863,0.730417,P,0.4317,0.431178,1
71000,0.194521,0.920234,C,0.3681,0.366449,1
96000,0.520548,1.22393,P,0.3819,0.38128,1
84000,0.00273973,1.09894,P,0.6898,0.53355,1
88000,0.117808,1.14473,C,0.3352,0.332667,1
75000,0.00273973,0.981209,C,0.3022,0.18371,1
84000,0.00821918,1.09851,C,0.4378,0.388068,1
62000,0.117808,0.806514,C,0.4251,0.422079,1
115000,0.0219178,1.50287,P,0.8217,0.01,0
74000,0.769863,0.931922,C,0.3992,0.398759,1
68000,0.769863,0.856361,C,0.4082,0.407695,1
75000,0.0219178,0.980133,C,0.2953,0.283347,1
65000,0.520548,0.8287,P,0.404,0.403318,1
57000,0.117808,0.741472,C,0.49,0.486583,1
210000,0.271233,2.71095,C,0.6438,0.641719,1
92000,0.271233,1.18765,C,0.3658,0.364669,1
240000,0.0219178,3.13643,P,1.156,0.5,0
90000,0.520548,1.14743,C,0.3789,0.378266,1
79000,0.0219178,1.03241,P,0.2951,0.28279,1
78500,0.00547945,1.02681,P,0.2852,0.23518,1
86000,0.271233,1.1102,C,0.3608,0.359672,1
95000,0.0219178,1.2415,P,0.5472,0.514978,1
84000,0.194521,1.08873,C,0.3522,0.350611,1
90000,0.769863,1.13342,P,0.3908,0.390306,1
68000,0.117808,0.884563,P,0.369,0.366229,1
74000,0.060274,0.96538,C,0.3235,0.318814,1
160000,0.520548,2.03985,P,0.4841,0.483462,1
74000,0.271233,0.955275,C,0.3687,0.367553,1
58000,0.0219178,0.757969,P,0.6628,0.635623,1
82000,0.0109589,1.07227,C,0.3368,0.308581,1
76000,0.00273973,0.994292,P,0.2097,0.125309,1
54000,0.271233,0.697093,C,0.4742,0.472642,1
200000,0.271233,2.58182,C,0.6396,0.637476,1
72000,0.060274,0.939288,P,0.3354,0.330482,1
71000,0.194521,0.920234,P,0.3681,0.366452,1
78500,0.00821918,1.0266,P,0.2453,0.216634,1
72000,0.769863,0.906735,P,0.4019,0.401481,1
45000,0.271233,0.580917,C,0.5727,0.57104,1
70000,0.769863,0.881538,C,0.405,0.404494,1
68000,0.271233,0.87783,P,0.3841,0.382832,1
115000,0.271233,1.48457,P,0.4177,0.415981,1
98000,0.520548,1.24942,P,0.3827,0.381994,1
85000,0.0410959,1.10984,C,0.3434,0.335915,1
78000,0.769863,0.982285,P,0.3952,0.394719,1
48000,0.117808,0.624398,P,0.6305,0.625742,1
84000,0.0219178,1.09774,C,0.3709,0.355717,1
102000,0.271233,1.31675,P,0.3816,0.380148,1
120000,0.769863,1.51121,C,0.4101,0.409661,1
90000,0.060274,1.17411,P,0.3699,0.363907,1
77000,0.0109589,1.00688,P,0.2336,0.213789,1
65000,0.0219178,0.849448,P,0.4841,0.464266,1
71000,0.0109589,0.928416,C,0.3464,0.317592,1
83000,0.00547945,1.08567,C,0.4884,0.402354,1
106000,0.769863,1.3349,P,0.3973,0.396912,1
170000,0.520548,2.16737,P,0.5049,0.503747,1
160000,0.0219178,2.09095,P,0.8422,0.5,0
104000,0.117808,1.35286,P,0.4077,0.403959,1
80000,0.0219178,1.04548,P,0.3009,0.288329,1
91000,0.117808,1.18375,P,0.345,0.342245,1
67000,0.00821918,0.876204,C,0.5597,0.51729,1
80500,0.00273973,1.05316,C,0.5023,0.300421,1
90000,0.520548,1.14742,P,0.3789,0.378276,1
74500,0.00273973,0.974657,P,0.3416,0.204296,1
75500,0.00547945,0.987579,C,0.2486,0.20522,1
68000,0.00273973,0.889619,C,0.7441,0.01,0
80000,0.117808,1.04066,P,0.3275,0.324966,1
54000,0.520548,0.688459,P,0.4476,0.44684,1
93000,0.194521,1.20538,C,0.3642,0.362558,1
77000,0.00821918,1.00697,C,0.2191,0.194225,1
77000,0.00547945,1.00719,P,0.2457,0.2025,1
82000,0.00273973,1.07279,C,0.5739,0.343556,1
80000,0.00821918,1.04621,P,0.2928,0.257228,1
60000,0.520548,0.764954,P,0.4208,0.420039,1
65000,0.271233,0.839102,C,0.3958,0.394537,1
110000,0.117808,1.43091,P,0.4361,0.431636,1
76500,0.0109589,1.00034,P,0.2287,0.209545,1
74500,0.0109589,0.974194,P,0.2439,0.223348,1
190000,0.271233,2.45276,C,0.6157,0.613662,1
105000,0.0219178,1.37217,P,0.7369,0.709173,1
79000,0.00547945,1.03336,C,0.3046,0.251008,1
230000,0.271233,2.96913,P,0.6931,0.680317,1
72000,0.0219178,0.940928,C,0.329,0.315849,1
74000,0.00821918,0.967748,C,0.2673,0.238029,1
130000,0.0219178,1.6989,P,0.8226,0.01,0
70000,0.0219178,0.91478,P,0.3674,0.352345,1
150000,0.520548,1.91238,C,0.4672,0.466363,1
45000,0.271233,0.580917,P,0.5727,0.570804,1
83000,0.0109589,1.08534,C,0.366,0.335413,1
67000,0.117808,0.871555,P,0.3767,0.373866,1
72000,0.0410959,0.940101,P,0.3297,0.322576,1
125000,0.769863,1.57417,C,0.4141,0.413629,1
60000,0.769863,0.755604,C,0.4265,0.42604,1
79000,0.194521,1.02392,P,0.3521,0.350472,1
59000,0.117808,0.767489,C,0.4622,0.458877,1
115000,0.769863,1.44824,C,0.4045,0.403984,1
106000,0.520548,1.35142,C,0.3913,0.390687,1
48000,0.117808,0.624398,C,0.6305,0.626234,1
70000,0.0109589,0.91535,C,0.3742,0.348313,1
100000,0.0219178,1.30684,C,0.6505,0.623888,1
98000,0.520548,1.24942,C,0.3827,0.382026,1
88000,0.117808,1.14473,P,0.3352,0.332546,1
102000,0.117808,1.32683,P,0.3978,0.395132,1
85000,0.0410959,1.10984,P,0.3434,0.335964,1
60000,0.0219178,0.784097,P,0.64,0.61381,1
88000,0.194521,1.14057,P,0.3553,0.35367,1
72000,0.271233,0.929467,P,0.3721,0.370859,1
56000,0.520548,0.713957,C,0.4372,0.436527,1
76500,0.0109589,1.00034,C,0.2287,0.209564,1
105000,0.194521,1.36091,P,0.3972,0.395413,1
75000,0.060274,0.978425,C,0.3189,0.314299,1
55000,0.769863,0.692637,C,0.4417,0.441166,1
93000,0.194521,1.20538,P,0.3642,0.362564,1
108000,0.194521,1.39979,P,0.4072,0.405411,1
80000,0.0410959,1.04456,P,0.3085,0.301792,1
68000,0.00821918,0.889282,C,0.5498,0.498116,1
56000,0.271233,0.722919,C,0.4581,0.456679,1
52000,0.0219178,0.679551,P,0.9004,0.863515,1
86000,0.520548,1.09643,P,0.3776,0.37695,1
80000,0.00273973,1.04661,C,0.4544,0.271692,1
40000,0.520548,0.509969,P,0.5431,0.542225,1
120000,0.520548,1.52991,C,0.4107,0.410021,1
80000,0.117808,1.04066,C,0.3275,0.325027,1
140000,0.769863,1.7631,C,0.4328,0.432328,1
67000,0.194521,0.86839,C,0.3854,0.383692,1
96000,0.117808,1.2488,P,0.3679,0.364892,1
77000,0.0109589,1.00688,C,0.2336,0.214095,1
56000,0.520548,0.713957,P,0.4372,0.436497,1
56000,0.769863,0.70523,C,0.4387,0.438198,1
64000,0.0219178,0.83638,C,0.5223,0.503664,1
70000,0.00547945,0.915636,P,0.5719,0.471145,1
94000,0.769863,1.18379,C,0.3915,0.391022,1
200000,0.769863,2.51868,P,0.5045,0.50416,1
78000,0.194521,1.01096,C,0.3535,0.351917,1
220000,0.0219178,2.87502,P,1.0736,0.5,0
62000,0.194521,0.803585,P,0.4194,0.417487,1
78000,0.00547945,1.02028,P,0.2674,0.219583,1
50000,0.271233,0.645463,C,0.5141,0.512607,1
82000,0.00273973,1.07278,P,0.5739,0.407346,1
45000,0.117808,0.585373,P,0.6821,0.677023,1
69000,0.117808,0.897572,C,0.3619,0.359232,1
78000,0.00821918,1.02006,C,0.2349,0.208292,1
84000,0.769863,1.05786,C,0.3918,0.391361,1
40000,0.0219178,0.522738,P,1.0505,0.5,0
280000,0.0219178,3.65916,P,1.2987,0.5,0
69000,0.117808,0.897572,P,0.3619,0.359154,1
82000,0.00547945,1.07259,C,0.433,0.356725,1
82000,0.194521,1.06281,P,0.3518,0.350216,1
62000,0.117808,0.806514,P,0.4251,0.421928,1
81000,0.00273973,1.05971,C,0.5535,0.331058,1
88000,0.769863,1.10822,P,0.3913,0.390881,1
40000,0.117808,0.520331,C,0.7553,0.750619,1
86000,0.117808,1.11871,P,0.3313,0.328707,1
85000,0.0109589,1.11148,P,0.4124,0.377131,1
82000,0.520548,1.04544,P,0.3773,0.376636,1
64000,0.271233,0.826193,C,0.402,0.400775,1
95000,0.520548,1.21116,P,0.3814,0.380788,1
95000,0.271233,1.22638,C,0.3689,0.367682,1
76500,0.00547945,1.00065,C,0.2433,0.200469,1
95000,0.0219178,1.2415,C,0.5472,0.524834,1
105000,0.194521,1.36091,C,0.3972,0.395412,1
94000,0.194521,1.21834,C,0.3649,0.363285,1
35000,0.0219178,0.457395,C,1.0855,0.5,0
240000,0.271233,3.09822,P,0.7158,0.236362,0
88000,0.00273973,1.15127,P,0.8951,0.775518,1
105000,0.769863,1.32232,C,0.3965,0.39606,1
86000,0.271233,1.1102,P,0.3608,0.3596,1
80500,0.00273973,1.05316,P,0.5023,0.01,0
73000,0.00547945,0.954866,C,0.3924,0.322924,1
75500,0.0109589,0.98727,C,0.2302,0.211171,1
150000,0.520548,1.91236,P,0.4672,0.466524,1
71000,0.00547945,0.928717,C,0.4952,0.414786,1
79000,0.00821918,1.03314,C,0.2607,0.231188,1
84000,0.194521,1.08873,P,0.3522,0.35061,1
45000,0.0219178,0.58808,P,1.0182,0.976385,1
79500,0.0109589,1.03958,P,0.2707,0.247137,1
20000,0.271233,0.258185,C,1.0072,1.00479,1
110000,0.520548,1.40242,C,0.3948,0.394157,1
125000,0.520548,1.59365,C,0.419,0.418315,1
150000,0.271233,1.93637,P,0.5221,0.520269,1
120000,0.769863,1.51121,P,0.4101,0.409694,1
87000,0.117808,1.13171,P,0.3346,0.332151,1
63000,0.117808,0.819522,P,0.414,0.410852,1
77000,0.060274,1.00452,C,0.3124,0.307825,1
64000,0.769863,0.805986,P,0.416,0.415487,1
65000,0.769863,0.818571,C,0.4144,0.413951,1
95000,0.769863,1.19637,C,0.3914,0.390989,1
65000,0.060274,0.847959,P,0.4149,0.408758,1
98000,0.271233,1.26509,C,0.3747,0.373473,1
79000,0.117808,1.02765,P,0.3274,0.324888,1
75000,0.0109589,0.980721,P,0.235,0.215291,1
78000,0.00821918,1.02006,P,0.2349,0.207657,1
73500,0.00547945,0.961418,C,0.3528,0.292547,1
98000,0.117808,1.27481,C,0.379,0.376136,1
108000,0.271233,1.39419,P,0.3978,0.396475,1
74000,0.769863,0.931922,P,0.3992,0.398742,1
66000,0.194521,0.855429,C,0.3894,0.387673,1
86000,0.0219178,1.12387,C,0.4077,0.39097,1
115000,0.271233,1.48457,C,0.4177,0.416355,1
78500,0.00821918,1.0266,C,0.2453,0.217526,1
140000,0.520548,1.78489,P,0.4458,0.444873,1
80000,0.271233,1.03274,P,0.3626,0.361407,1
56000,0.0219178,0.731833,P,0.7364,0.706237,1
73500,0.00547945,0.961406,P,0.3528,0.290701,1
70000,0.520548,0.892436,P,0.3913,0.390691,1
86000,0.769863,1.08303,C,0.391,0.390588,1
74500,0.00821918,0.974287,P,0.2474,0.219197,1
100000,0.194521,1.2961,C,0.3834,0.381676,1
64000,0.520548,0.815951,C,0.4068,0.406174,1
82000,0.271233,1.05855,P,0.3608,0.35961,1
90000,0.271233,1.16182,P,0.363,0.361822,1
79000,0.060274,1.03061,P,0.3106,0.305972,1
50000,0.520548,0.637462,C,0.4706,0.469824,1
74000,0.117808,0.962613,P,0.3387,0.336134,1
140000,0.769863,1.7631,P,0.4328,0.432255,1
180000,0.271233,2.32364,P,0.5935,0.591289,1
83000,0.0219178,1.08468,C,0.3502,0.335891,1
84000,0.00821918,1.09852,P,0.4378,0.372627,1
74000,0.060274,0.96538,P,0.3235,0.318693,1
73000,0.060274,0.952323,C,0.3265,0.321656,1
95000,0.0410959,1.24041,C,0.4657,0.455624,1
110000,0.194521,1.42571,P,0.4143,0.412397,1
76000,0.769863,0.957098,C,0.397,0.396589,1
35000,0.271233,0.451824,P,0.7155,0.713117,1
150000,0.0219178,1.96027,P,0.8397,0.5,0
82000,0.0410959,1.07067,P,0.3183,0.31146,1
61000,0.117808,0.793505,C,0.4364,0.433327,1
50000,0.520548,0.637462,P,0.4706,0.469785,1
92000,0.117808,1.19676,P,0.3486,0.345757,1
85000,0.060274,1.10888,P,0.3317,0.326592,1
77000,0.00273973,1.00736,P,0.2171,0.130027,1
190000,0.520548,2.42235,C,0.5386,0.537644,1
110000,0.271233,1.42002,C,0.4068,0.405481,1
70000,0.0410959,0.913987,C,0.3502,0.342609,1
79500,0.00273973,1.04007,P,0.3934,0.249724,1
76000,0.00821918,0.993903,P,0.2197,0.194646,1
190000,0.769863,2.39277,P,0.4949,0.494126,1
88000,0.0219178,1.15001,P,0.4388,0.4211,1
71000,0.00821918,0.928515,C,0.4155,0.372283,1
68000,0.00547945,0.889475,P,0.6575,0.541687,1
82000,0.060274,1.06975,P,0.3163,0.311497,1
102000,0.769863,1.28453,P,0.3945,0.394098,1
73000,0.0109589,0.954579,C,0.2847,0.262026,1
78500,0.00547945,1.02682,C,0.2852,0.235082,1
98000,0.117808,1.27481,P,0.379,0.375764,1
76000,0.520548,0.968942,P,0.3815,0.380838,1
64000,0.117808,0.832521,C,0.402,0.398979,1
76000,0.0219178,0.99319,C,0.2909,0.278935,1
110000,0.0219178,1.43753,C,0.7974,0.764722,1
82000,0.271233,1.05855,C,0.3608,0.359614,1
115000,0.194521,1.49052,P,0.4328,0.430854,1
72000,0.00273973,0.94195,C,0.5474,0.01,0
108000,0.769863,1.3601,P,0.3989,0.398369,1
64000,0.194521,0.829507,C,0.4025,0.400665,1
55000,0.0219178,0.718764,P,0.7766,0.744696,1
130000,0.271233,1.6782,P,0.4619,0.459649,1
106000,0.271233,1.36837,C,0.3944,0.393102,1
72000,0.0410959,0.940112,C,0.3297,0.322728,1
30000,0.271233,0.387278,C,0.7837,0.01,0
75000,0.194521,0.972078,P,0.3583,0.356634,1
180000,0.271233,2.32367,C,0.5935,0.59154,1
74000,0.0219178,0.967053,P,0.304,0.291534,1
106000,0.271233,1.36837,P,0.3944,0.393087,1
94000,0.117808,1.22278,C,0.3576,0.354972,1
88000,0.520548,1.12192,P,0.3781,0.377433,1
57000,0.117808,0.741472,P,0.49,0.486342,1
79000,0.0109589,1.03304,P,0.2569,0.2347,1
73000,0.060274,0.952323,P,0.3265,0.321662,1
80000,0.00821918,1.04621,C,0.2928,0.259604,1
75000,0.00821918,0.980826,C,0.2317,0.205955,1
62000,0.271233,0.800374,P,0.4137,0.412353,1
96000,0.769863,1.20898,C,0.392,0.391524,1
45000,0.0219178,0.58808,C,1.0182,1.04553,1
77500,0.0109589,1.01342,C,0.2348,0.215245,1
200000,0.520548,2.54985,C,0.5486,0.54766,1
60000,0.117808,0.780497,P,0.4491,0.445693,1
52000,0.117808,0.676431,P,0.5688,0.564547,1
77500,0.00821918,1.01352,P,0.2252,0.199263,1
140000,0.271233,1.8073,P,0.4921,0.489405,1
95000,0.0410959,1.24043,P,0.4657,0.453484,1
67000,0.00821918,0.876204,P,0.5597,0.496132,1
102000,0.520548,1.30042,P,0.3867,0.386019,1
104000,0.769863,1.30973,P,0.3961,0.39564,1
98000,0.0219178,1.28071,P,0.6059,0.567862,1
98000,0.769863,1.23417,P,0.3926,0.392171,1
40000,0.0219178,0.522738,C,1.0505,0.5,0
100000,0.769863,1.25934,P,0.3935,0.393032,1
94000,0.194521,1.21834,P,0.3649,0.363286,1
68000,0.0219178,0.888654,P,0.4167,0.399588,1
75000,0.00273973,0.981198,P,0.3022,0.180753,1
95000,0.520548,1.21116,C,0.3814,0.380762,1
56000,0.117808,0.728464,C,0.5054,0.501827,1
70000,0.271233,0.903649,C,0.3778,0.376628,1
30000,0.271233,0.387274,P,0.7837,0.01,0
80000,0.060274,1.04365,P,0.3106,0.305916,1
95000,0.769863,1.19637,P,0.3914,0.391007,1
68000,0.00547945,0.889475,C,0.6575,0.562906,1
70000,0.117808,0.91057,P,0.3552,0.352546,1
82000,0.769863,1.03266,P,0.3925,0.392062,1
180000,0.0219178,2.35232,P,0.9182,0.5,0
77000,0.0410959,1.00539,C,0.305,0.298364,1
200000,0.769863,2.51871,C,0.5045,0.503968,1
79500,0.00547945,1.03989,P,0.3252,0.268348,1
68000,0.117808,0.884563,C,0.369,0.366314,1
79000,0.0109589,1.03303,C,0.2569,0.235348,1
75000,0.194521,0.972078,C,0.3583,0.356634,1
100000,0.117808,1.30083,C,0.3896,0.386703,1
105000,0.271233,1.35547,C,0.392,0.390712,1
73000,0.0109589,0.954568,P,0.2847,0.260873,1
72000,0.060274,0.939278,C,0.3354,0.33051,1
52000,0.271233,0.671282,C,0.4954,0.493893,1
90000,0.00273973,1.17745,P,0.932,0.01,0
145000,0.0219178,1.8949,P,0.8234,0.5,0
85000,0.00273973,1.11204,P,0.7129,0.01,0
81000,0.117808,1.05367,C,0.3269,0.324506,1
73000,0.00547945,0.954878,P,0.3924,0.323212,1
55000,0.117808,0.715456,C,0.5225,0.518822,1
94000,0.271233,1.21347,P,0.3677,0.366409,1
66000,0.769863,0.831173,C,0.4123,0.411875,1
60000,0.194521,0.777662,C,0.4365,0.434509,1
66000,0.769863,0.831173,P,0.4123,0.411857,1
94000,0.271233,1.21347,C,0.3677,0.366516,1
68000,0.194521,0.881351,C,0.3799,0.378149,1
72000,0.0109589,0.941503,C,0.313,0.288791,1
83000,0.0109589,1.08534,P,0.366,0.330623,1
56000,0.0219178,0.731833,C,0.7364,0.71795,1
62000,0.0219178,0.810234,C,0.5892,0.564584,1
105000,0.117808,1.36587,C,0.4151,0.412011,1
55000,0.117808,0.715456,P,0.5225,0.518542,1
160000,0.769863,2.01497,P,0.4563,0.455648,1
70000,0.0219178,0.914791,C,0.3674,0.353007,1
85000,0.194521,1.10169,P,0.3513,0.349726,1
260000,0.0219178,3.39779,P,1.2309,0.5,0
83000,0.00821918,1.08545,C,0.4007,0.355315,1
85000,0.520548,1.08368,C,0.3777,0.377055,1
102000,0.769863,1.28453,C,0.3945,0.394077,1
110000,0.271233,1.42,P,0.4068,0.405453,1
52000,0.520548,0.66296,P,0.4594,0.458613,1
87000,0.194521,1.12761,P,0.3532,0.351575,1
74500,0.00547945,0.974486,C,0.2923,0.2407,1
89000,0.117808,1.15774,C,0.3383,0.335734,1
68000,0.0109589,0.889197,P,0.4506,0.412765,1
61000,0.117808,0.793505,P,0.4364,0.433159,1
78000,0.0109589,1.01996,P,0.2404,0.219925,1
71000,0.00821918,0.928515,P,0.4155,0.368283,1
60000,0.769863,0.755612,P,0.4265,0.426045,1
125000,0.271233,1.61366,P,0.4489,0.446871,1
72000,0.00547945,0.941797,P,0.4503,0.37096,1
58000,0.194521,0.75174,C,0.4537,0.451682,1
110000,0.520548,1.40242,P,0.3948,0.394108,1
52000,0.520548,0.66296,C,0.4594,0.458648,1
90000,0.0219178,1.17616,P,0.4662,0.443268,1
50000,0.769863,0.62967,P,0.4637,0.463134,1
320000,0.0219178,4.1819,P,1.4009,0.5,0
74000,0.0410959,0.966226,C,0.3173,0.310551,1
105000,0.117808,1.36587,P,0.4151,0.411261,1
68000,0.520548,0.866948,C,0.396,0.395359,1
52000,0.271233,0.671282,P,0.4954,0.493735,1
94000,0.0219178,1.22843,C,0.5472,0.524835,1
83000,0.117808,1.07969,P,0.328,0.325508,1
96000,0.271233,1.23929,C,0.3728,0.37164,1
74000,0.00273973,0.968115,P,0.4036,0.241382,1
69000,0.194521,0.894312,P,0.3748,0.37311,1
170000,0.769863,2.1409,C,0.4671,0.466569,1
68000,0.271233,0.87783,C,0.3841,0.382899,1
102000,0.194521,1.32203,C,0.3874,0.385649,1
40000,0.769863,0.503741,C,0.5203,0.519758,1
100000,0.194521,1.2961,P,0.3834,0.381688,1
76000,0.0109589,0.993797,P,0.2285,0.209316,1
74000,0.0410959,0.966226,P,0.3173,0.310407,1
94000,0.0219178,1.22842,P,0.5472,0.525624,1
100000,0.520548,1.27492,C,0.3854,0.384756,1
68000,0.520548,0.866948,P,0.396,0.395338,1
87000,0.194521,1.12761,C,0.3532,0.351573,1
90000,0.0410959,1.17513,P,0.4018,0.393194,1
84000,0.0410959,1.0968,P,0.3334,0.325831,1
52000,0.769863,0.654864,P,0.4529,0.45239,1
78000,0.0219178,1.01934,P,0.2869,0.275031,1
78000,0.060274,1.01756,P,0.3119,0.307208,1
77000,0.194521,0.998,P,0.3544,0.352792,1
77000,0.194521,0.998,C,0.3544,0.35279,1
87000,0.0219178,1.13695,C,0.4261,0.408688,1
125000,0.520548,1.59365,P,0.419,0.418232,1
115000,0.520548,1.46616,C,0.4029,0.402198,1
86000,0.520548,1.09643,C,0.3776,0.376972,1
76000,0.0109589,0.993808,C,0.2285,0.209507,1
62000,0.194521,0.803585,C,0.4194,0.417487,1
80000,0.194521,1.03688,P,0.3522,0.350595,1
80000,0.769863,1.00748,P,0.3937,0.393195,1
55000,0.271233,0.71001,P,0.4628,0.461289,1
98000,0.0219178,1.28069,C,0.6059,0.581091,1
30000,0.769863,0.377802,P,0.6078,0.607106,1
100000,0.0219178,1.30683,P,0.6505,0.625535,1
73000,0.00273973,0.955033,C,0.4709,0.259165,1
72000,0.194521,0.933195,C,0.3648,0.363113,1
86000,0.0410959,1.1229,P,0.351,0.343504,1
102000,0.117808,1.32685,C,0.3978,0.394874,1
76500,0.00273973,1.00082,P,0.2095,0.125364,1
83000,0.194521,1.07577,P,0.3516,0.350053,1
79000,0.194521,1.02392,C,0.3521,0.350469,1
86000,0.00547945,1.12491,P,0.5804,0.49145,1
102000,0.0219178,1.33298,C,0.6834,0.655443,1
102000,0.520548,1.30042,C,0.3867,0.386054,1
75000,0.00547945,0.981039,P,0.2627,0.216361,1
74500,0.00547945,0.974499,P,0.2923,0.240772,1
78000,0.271233,1.00691,P,0.3638,0.362631,1
76000,0.769863,0.957098,P,0.397,0.396603,1
76000,0.0410959,0.992329,P,0.3069,0.300235,1
74000,0.00821918,0.967748,P,0.2673,0.236895,1
80000,0.0219178,1.04548,C,0.3009,0.288629,1
78000,0.0410959,1.01844,P,0.304,0.297436,1
78000,0.769863,0.982296,C,0.3952,0.39472,1
81000,0.194521,1.04984,C,0.3514,0.349774,1
96000,0.194521,1.24426,P,0.3705,0.368832,1
82000,0.00547945,1.0726,P,0.433,0.341607,1
62000,0.769863,0.780791,C,0.4209,0.420416,1
92000,0.0219178,1.2023,P,0.5125,0.486726,1
104000,0.194521,1.34795,P,0.3942,0.392387,1
58000,0.520548,0.739456,C,0.4275,0.42678,1
94000,0.520548,1.19843,C,0.3808,0.380197,1
72000,0.00821918,0.941593,P,0.3727,0.330299,1
77500,0.00821918,1.01352,C,0.2252,0.199742,1
72000,0.520548,0.917945,C,0.388,0.387373,1
50000,0.769863,0.62967,C,0.4637,0.463113,1
55000,0.271233,0.71001,C,0.4628,0.461424,1
70000,0.0109589,0.91535,P,0.3742,0.342776,1
52000,0.0219178,0.679551,C,0.9004,0.861741,1
69000,0.00821918,0.90236,P,0.5106,0.45258,1
240000,0.271233,3.09822,C,0.7158,0.236623,0
81000,0.0410959,1.05761,C,0.3146,0.307798,1
66000,0.520548,0.841449,P,0.4013,0.400611,1
75000,0.271233,0.968184,C,0.3673,0.366149,1
78000,0.00273973,1.02045,C,0.3289,0.196697,1
85000,0.0109589,1.1115,C,0.4124,0.377874,1
77000,0.0219178,1.00626,P,0.2881,0.276267,1
65000,0.0410959,0.848703,P,0.4196,0.410538,1
35000,0.520548,0.446223,P,0.5946,0.5936,1
69000,0.0109589,0.902273,P,0.4117,0.377136,1
30000,0.769863,0.377802,C,0.6078,0.60706,1
73000,0.117808,0.949605,C,0.3419,0.339347,1
81000,0.117808,1.05367,P,0.3269,0.324441,1
50000,0.0219178,0.653422,P,0.9351,0.896791,1
75000,0.0410959,0.979272,C,0.312,0.305194,1
80000,0.00547945,1.04644,C,0.3553,0.292778,1
64000,0.520548,0.815951,P,0.4068,0.406151,1
115000,0.520548,1.46616,P,0.4029,0.402139,1
35000,0.520548,0.446218,C,0.5946,0.593532,1
54000,0.769863,0.680051,P,0.446,0.445456,1
77000,0.117808,1.00164,C,0.33,0.327577,1
140000,0.0219178,1.82958,P,0.8226,0.5,0
106000,0.194521,1.37387,P,0.4009,0.399113,1
85000,0.00821918,1.1116,P,0.4853,0.412656,1
104000,0.117808,1.35286,C,0.4077,0.404659,1
91000,0.194521,1.17945,P,0.3591,0.357492,1
108000,0.520548,1.37692,P,0.3928,0.39205,1
73000,0.0410959,0.953158,C,0.323,0.316,1
180000,0.520548,2.29486,C,0.52,0.519128,1
84000,0.520548,1.07092,P,0.3776,0.37699,1
72000,0.117808,0.936597,P,0.345,0.34239,1
50000,0.117808,0.650414,P,0.5993,0.594794,1
76000,0.00547945,0.994107,P,0.2408,0.198452,1
120000,0.0219178,1.56821,C,0.8225,0.788733,1
78000,0.117808,1.01465,C,0.3288,0.326402,1
170000,0.0219178,2.22163,P,0.8693,0.5,0
69000,0.00273973,0.902702,C,0.7389,0.237615,0
88000,0.520548,1.12192,C,0.3781,0.377412,1
83000,0.117808,1.07969,C,0.328,0.325582,1
74000,0.520548,0.943443,P,0.3857,0.385042,1
170000,0.520548,2.16737,C,0.5049,0.504034,1
85000,0.194521,1.10169,C,0.3513,0.349724,1
74000,0.520548,0.943443,C,0.3857,0.385062,1
81000,0.0219178,1.05854,C,0.316,0.303095,1
64000,0.271233,0.826193,P,0.402,0.400695,1
54000,0.520548,0.688451,C,0.4476,0.446819,1
84000,0.060274,1.09584,C,0.3282,0.32342,1
96000,0.769863,1.20897,P,0.392,0.391532,1
91000,0.194521,1.17945,C,0.3591,0.357492,1
83000,0.00273973,1.08587,P,0.6563,0.01,0
85000,0.00547945,1.11184,P,0.5629,0.01,0
115000,0.0219178,1.50285,C,0.8217,0.788032,1
120000,0.520548,1.52989,P,0.4107,0.410079,1
84000,0.769863,1.05785,P,0.3918,0.391363,1
84000,0.00273973,1.09894,C,0.6898,0.412822,1
65000,0.060274,0.847969,C,0.4149,0.409129,1
79000,0.060274,1.03061,C,0.3106,0.306094,1
78000,0.117808,1.01465,P,0.3288,0.326345,1
84000,0.060274,1.09584,P,0.3282,0.323195,1
70000,0.060274,0.913187,C,0.3521,0.346927,1
80000,0.060274,1.04365,C,0.3106,0.306049,1
79000,0.00273973,1.03354,C,0.3799,0.227256,1
104000,0.520548,1.32592,P,0.3885,0.387857,1
77000,0.00273973,1.00737,C,0.2171,0.12995,1
94000,0.520548,1.19843,P,0.3808,0.38017,1
100000,0.271233,1.29093,P,0.3782,0.376837,1
75000,0.271233,0.968195,P,0.3673,0.36612,1
76000,0.194521,0.985039,P,0.3556,0.354031,1
120000,0.194521,1.55532,P,0.4501,0.448025,1
84000,0.00547945,1.09876,P,0.5531,0.432127,1
130000,0.0219178,1.6989,C,0.8226,0.789788,1
76000,0.520548,0.968942,C,0.3815,0.380858,1
92000,0.769863,1.15859,C,0.3912,0.390791,1
83000,0.00547945,1.08567,P,0.4884,0.405002,1
75000,0.0109589,0.980732,C,0.235,0.215633,1
65000,0.117808,0.845539,P,0.394,0.391007,1
59000,0.117808,0.767489,P,0.4622,0.458675,1
92000,0.0219178,1.20228,C,0.5125,0.491454,1
83000,0.0219178,1.08467,P,0.3502,0.335941,1
125000,0.0219178,1.63354,C,0.8225,0.789147,1
82000,0.117808,1.06668,C,0.3274,0.324926,1
120000,0.271233,1.54911,P,0.4337,0.431781,1
110000,0.117808,1.43091,C,0.4361,0.432878,1
220000,0.271233,2.84004,P,0.6691,0.657286,1
70000,0.769863,0.881548,P,0.405,0.404494,1
65000,0.520548,0.8287,C,0.404,0.403341,1
130000,0.520548,1.6574,C,0.4297,0.429009,1
180000,0.769863,2.26681,C,0.4785,0.477916,1
77000,0.117808,1.00164,P,0.33,0.32752,1
60000,0.194521,0.777662,P,0.4365,0.434508,1
70000,0.00273973,0.915785,P,0.7024,0.420129,1
76000,0.060274,0.991471,P,0.3135,0.308798,1
84000,0.520548,1.07094,C,0.3776,0.376985,1
160000,0.769863,2.01497,C,0.4563,0.455766,1
77000,0.00547945,1.00719,C,0.2457,0.202435,1
170000,0.769863,2.1409,P,0.4671,0.466421,1
86000,0.0219178,1.12387,P,0.4077,0.39115,1
76500,0.00547945,1.00065,P,0.2433,0.200527,1
68000,0.0219178,0.888644,C,0.4167,0.399468,1
74000,0.194521,0.959117,P,0.3601,0.358447,1
230000,0.271233,2.96913,C,0.6931,0.690839,1
74000,0.00547945,0.967946,C,0.3197,0.263181,1
83000,0.00821918,1.08545,P,0.4007,0.344712,1
85000,0.00547945,1.11184,C,0.5629,0.463802,1
95000,0.194521,1.2313,P,0.3689,0.367261,1
79000,0.00273973,1.03354,P,0.3799,0.185431,1
98000,0.769863,1.23415,C,0.3926,0.392185,1
50000,0.271233,0.645463,P,0.5141,0.512428,1
54000,0.271233,0.697093,P,0.4742,0.472633,1
92000,0.271233,1.18765,P,0.3658,0.364574,1
78000,0.520548,0.99444,P,0.3794,0.378739,1
54000,0.0219178,0.705688,C,0.8172,0.782028,1
90000,0.194521,1.16649,C,0.357,0.355372,1
108000,0.271233,1.3942,C,0.3978,0.396501,1
60000,0.271233,0.774556,P,0.4267,0.42533,1
71000,0.0109589,0.928426,P,0.3464,0.317331,1
58000,0.769863,0.730417,C,0.4317,0.431161,1
250000,0.271233,3.22732,P,0.7304,0.336198,0
85000,0.0219178,1.1108,C,0.3939,0.377765,1
190000,0.520548,2.42235,P,0.5386,0.537218,1
160000,0.271233,2.06548,C,0.5501,0.548339,1
82000,0.194521,1.06281,C,0.3518,0.350217,1
88000,0.271233,1.13602,P,0.3625,0.361284,1
75000,0.00821918,0.980814,P,0.2317,0.205428,1
96000,0.271233,1.23928,P,0.3728,0.371619,1
96000,0.0219178,1.25456,P,0.5708,0.548608,1
82000,0.0410959,1.07067,C,0.3183,0.311433,1
74500,0.00821918,0.974287,C,0.2474,0.220038,1
90000,0.271233,1.16183,C,0.363,0.361843,1
66000,0.520548,0.841449,C,0.4013,0.400634,1
62000,0.769863,0.780799,P,0.4209,0.42042,1
89000,0.194521,1.15353,C,0.3567,0.355104,1
200000,0.520548,2.54985,P,0.5486,0.547122,1
45000,0.520548,0.573715,C,0.5049,0.504059,1
75000,0.060274,0.978414,P,0.3189,0.314233,1
95000,0.117808,1.23579,C,0.3618,0.359061,1
74500,0.0109589,0.974194,C,0.2439,0.223885,1
73000,0.00273973,0.955033,P,0.4709,0.281598,1
160000,0.520548,2.03988,C,0.4841,0.48325,1
74000,0.0109589,0.967645,C,0.2543,0.233044,1
80000,0.0410959,1.04457,C,0.3085,0.301816,1
50000,0.117808,0.650414,C,0.5993,0.595211,1
66000,0.271233,0.852012,P,0.3916,0.390345,1
82000,0.0219178,1.0716,C,0.334,0.320265,1
96000,0.117808,1.2488,C,0.3679,0.365194,1
92000,0.520548,1.17293,P,0.3795,0.378824,1
90000,0.0410959,1.17514,C,0.4018,0.393094,1
190000,0.271233,2.45276,P,0.6157,0.608797,1
64000,0.194521,0.829507,P,0.4025,0.400669,1
80000,0.00273973,1.04661,P,0.4544,0.287153,1
35000,0.271233,0.451824,C,0.7155,0.713506,1
160000,0.271233,2.06548,P,0.5501,0.546201,1
89000,0.194521,1.15353,P,0.3567,0.355104,1
120000,0.271233,1.54911,C,0.4337,0.432261,1
72000,0.520548,0.917935,P,0.388,0.38737,1
81000,0.00547945,1.05951,C,0.383,0.315529,1
150000,0.271233,1.93639,C,0.5221,0.520379,1
83000,0.00273973,1.08587,C,0.6563,0.393018,1
58000,0.117808,0.754481,P,0.4766,0.472992,1
190000,0.769863,2.39275,C,0.4949,0.494332,1
58000,0.520548,0.739456,P,0.4275,0.426752,1
70000,0.00821918,0.915437,C,0.4806,0.430637,1
96000,0.194521,1.24426,C,0.3705,0.368833,1
100000,0.769863,1.25934,C,0.3935,0.393012,1
72000,0.194521,0.933195,P,0.3648,0.363118,1
88000,0.0219178,1.15002,C,0.4388,0.420835,1
66000,0.271233,0.852012,C,0.3916,0.390419,1
102000,0.271233,1.31675,C,0.3816,0.380323,1
104000,0.520548,1.32592,C,0.3885,0.387895,1
66000,0.194521,0.855429,P,0.3894,0.387675,1
84000,0.117808,1.0927,C,0.3283,0.325855,1
170000,0.271233,2.19455,C,0.5812,0.579354,1
65000,0.0219178,0.849448,C,0.4841,0.466856,1
85000,0.117808,1.1057,P,0.3299,0.327353,1
130000,0.520548,1.6574,P,0.4297,0.42891,1
58000,0.194521,0.75174,P,0.4537,0.451683,1
80000,0.520548,1.01994,P,0.3793,0.37862,1
80000,0.0109589,1.0461,P,0.2839,0.260002,1
84000,0.0410959,1.09678,C,0.3334,0.326152,1
86000,0.194521,1.11465,P,0.3536,0.352004,1
81000,0.00821918,1.05929,P,0.3302,0.288763,1
52000,0.117808,0.676431,C,0.5688,0.564902,1
40000,0.520548,0.509969,C,0.5431,0.542288,1
64000,0.769863,0.805986,C,0.416,0.415506,1
135000,0.0219178,1.76424,C,0.8226,0.5,0
72000,0.0219178,0.940917,P,0.329,0.315507,1
85000,0.520548,1.08368,P,0.3777,0.377033,1
180000,0.769863,2.26684,P,0.4785,0.477739,1
79500,0.00547945,1.0399,C,0.3252,0.268013,1
62000,0.0219178,0.810243,P,0.5892,0.565033,1
75500,0.00547945,0.987579,P,0.2486,0.2047,1
65000,0.769863,0.818571,P,0.4144,0.413966,1
55000,0.520548,0.701208,C,0.4428,0.442032,1
62000,0.520548,0.790452,C,0.4135,0.412799,1
75000,0.117808,0.975621,P,0.3355,0.332946,1
150000,0.769863,1.88901,P,0.4436,0.443197,1
120000,0.0219178,1.56821,P,0.8225,0.01,0
87000,0.0219178,1.13694,P,0.4261,0.408881,1
92000,0.117808,1.19676,C,0.3486,0.34595,1
52000,0.769863,0.654864,C,0.4529,0.452416,1
125000,0.769863,1.57419,P,0.4141,0.413586,1
74000,0.00273973,0.968126,C,0.4036,0.251159,1
71000,0.00547945,0.928717,P,0.4952,0.407945,1
50000,0.0219178,0.653422,C,0.9351,0.917629,1
80000,0.00547945,1.04644,P,0.3553,0.289272,1
96000,0.0219178,1.25456,C,0.5708,0.547372,1
112000,0.520548,1.42791,C,0.3983,0.397599,1
84000,0.117808,1.09268,P,0.3283,0.32587,1
82000,0.520548,1.04544,C,0.3773,0.376656,1
67000,0.117808,0.871555,C,0.3767,0.37396,1
89000,0.117808,1.15774,P,0.3383,0.335598,1
82000,0.0109589,1.07227,P,0.3368,0.305396,1
55000,0.0219178,0.718756,C,0.7766,0.743051,1
68000,0.060274,0.887106,C,0.374,0.368768,1
86000,0.0109589,1.12457,C,0.4541,0.416061,1
88000,0.769863,1.10822,C,0.3913,0.390866,1
74000,0.271233,0.955275,P,0.3687,0.367549,1
45000,0.769863,0.566703,C,0.4893,0.488669,1
84000,0.0109589,1.09842,C,0.3845,0.352342,1
74000,0.0219178,0.967064,C,0.304,0.291703,1
88000,0.194521,1.14057,C,0.3553,0.353665,1
54000,0.769863,0.680044,C,0.446,0.445447,1
84000,0.271233,1.08438,C,0.3607,0.359578,1
65000,0.117808,0.845539,C,0.394,0.39112,1
76000,0.060274,0.991471,C,0.3135,0.308909,1
76000,0.0219178,0.99319,P,0.2909,0.278957,1
73000,0.0410959,0.953169,P,0.323,0.315976,1
54000,0.0219178,0.705696,P,0.8172,0.783714,1
70000,0.00821918,0.915437,P,0.4806,0.426034,1
76000,0.271233,0.981104,C,0.366,0.364864,1
73000,0.194521,0.946156,P,0.3621,0.360501,1
86000,0.00547945,1.12492,C,0.5804,0.478239,1
86000,0.769863,1.08304,P,0.391,0.390581,1
92000,0.769863,1.15861,P,0.3912,0.39078,1
104000,0.271233,1.34256,C,0.389,0.387763,1
66000,0.0219178,0.862517,C,0.4594,0.442623,1
70000,0.194521,0.907273,P,0.372,0.370315,1
76000,0.194521,0.985039,C,0.3556,0.354031,1
155000,0.0219178,2.02561,P,0.8403,0.5,0
105000,0.0219178,1.37219,C,0.7369,0.706732,1
88000,0.271233,1.13602,C,0.3625,0.361362,1
70000,0.194521,0.907273,C,0.372,0.370315,1
72000,0.117808,0.936597,C,0.345,0.342453,1
56000,0.769863,0.705238,P,0.4387,0.438206,1
105000,0.520548,1.33867,P,0.389,0.388287,1
78500,0.00273973,1.027,P,0.3615,0.208611,1
63000,0.117808,0.819513,C,0.414,0.410805,1
73000,0.117808,0.949605,P,0.3419,0.339286,1
75500,0.00273973,0.987739,P,0.2474,0.147947,1
56000,0.117808,0.728464,P,0.5054,0.501567,1
78000,0.0410959,1.01844,C,0.304,0.29742,1
69000,0.194521,0.894312,C,0.3748,0.373109,1
85000,0.271233,1.09728,C,0.361,0.359784,1
79500,0.00273973,1.04007,C,0.3934,0.235261,1
98000,0.271233,1.26511,P,0.3747,0.373349,1
200000,0.0219178,2.61369,P,0.9824,0.5,0
78000,0.271233,1.00692,C,0.3638,0.362659,1
115000,0.194521,1.49052,C,0.4328,0.430854,1
77000,0.060274,1.00451,P,0.3124,0.307777,1
75000,0.00547945,0.981027,C,0.2627,0.216346,1
